"coursera_id","respondent_id","collector_id","start_date","end_date","ip_address","city","state_abbr","zip_code","what_is_your_gender","what_pronouns_do_you_use","are_you_a_veteran_of_the_united_states_armed_forces","what_is_your_ethnicity_and_or_race_please_select_all_that_apply","are_you_currently_employed","what_is_you_approximate_monthly_income","do_you_have_regular_access_to_a_computer","do_you_have_access_to_internet","which_certificate_s_are_you_most_interested_in","this_training_is_online_please_rate_your_personal_computer_skills","are_you_able_to_commit_10_15_hours_per_week_for_this_training","your_google_scholarship_gives_you_6_months_to_complete_your_certification_s_are_you_willing_to_commit_to_the_successful_completion_of_your_certification_s_within_this_time_constraint","after_completion_of_the_course_which_wrap_around_supports_will_you_need","would_you_be_comfortable_with_your_data_being_used_for_research_purposes","postal_code","lat","long","id","match_indicator","match_type","tiger_side","census_block","county_name","geoid_co","geometry","lon","rin_community","locality"
"f673b528e4343ab52eed4a93aa3e5b74",118889334815,459434364,"06/16/2025 05:40:00 PM","06/16/2025 05:41:45 PM","68.36.53.114","Ann Arbor","MI","48105","""Female""","""She/her""",NA,"""Asian or Pacific Islander""",NA,"1000","Yes","Yes","""Data Analytics, Project Management, Cybersecurity, UX (User Experience) Design""",NA,"Yes","Yes","""Referrals to job opportunities, Resume assistance, Job seeking skills training, Practice interviewing, Information about other training programs""","Yes","48105",42.296788521429,-83.731002903228,1,"Match","Exact","L","1012","Washtenaw","26161",c(-83.7310104241112, 42.2967898782158),-83.731002903228,"Traverse City","Ann Arbor"
"2767070282330bebde3082fa63cb2253",118877588871,459434364,"05/31/2025 10:24:11 AM","05/31/2025 10:25:23 AM","96.42.149.244","Traverse City","MI","49686","""Female""","""She/her""","Yes","""White / Caucasian""",NA,"0","Yes","Yes","""Project Management, Cybersecurity, IT Support, UX (User Experience) Design""",NA,"Yes","Yes","""Referrals to job opportunities, Practice interviewing, Information about other training programs""","Yes","49686",44.776785598001,-85.582853885497,4,"Match","Exact","R","2028","Grand Traverse","26055",c(-85.5828550646779, 44.776785740397),-85.582853885497,"Traverse City","Traverse City"
"8ca472bc5bb4d0ba9ee3ff05bcaa347c",118876823011,459434364,"05/30/2025 08:13:06 AM","05/30/2025 08:16:33 AM","108.181.133.223","Grand Rapids","MI","49504","""Female""","""She/her""",NA,"""American Indian or Alaskan Native""",NA,"100","Yes","Yes","""Data Analytics""","All","Yes","Yes","""Information about other training programs""",NA,"49504",42.985393063964,-85.691194427932,6,"Match","Exact","R","3009","Kent","26081",c(-85.6911980441459, 42.985393042628),-85.691194427932,"Traverse City","Grand Rapids"
"075f594f972f048bd688b35d1ce41aca",118875418283,459434364,"05/28/2025 03:41:46 PM","05/28/2025 03:56:33 PM","71.142.250.195","Traverse City","MI","49686","""Male""","""He/his""",NA,"""White / Caucasian""","Yes-Full Time","$6,500","Yes","Yes","""Data Analytics, Project Management, UX (User Experience) Design""",NA,"Yes","Yes","""Referrals to job opportunities""","Yes","49686",44.780415355795,-85.57341314941,8,"Match","Exact","R","2004","Grand Traverse","26055",c(-85.5734143620469, 44.7804154160954),-85.57341314941,"Traverse City","Traverse City"
"bccd09b4c2362c5b1609b1b508d876a2",118872651355,459434364,"05/24/2025 07:14:52 AM","05/24/2025 07:47:13 AM","24.214.8.173","Valley","AL","36854","""Female""","""She/her""",NA,"""White / Caucasian""",NA,NA,NA,NA,NA,NA,NA,NA,NA,NA,"36854",32.826950051877,-85.17619376948,9,"Match","Exact","R","3021","Chambers","01017",c(-85.176192969268, 32.8269513283753),-85.17619376948,"Chambers County","Valley"
"1c25cfbd93b06939c14148906b703c2b",118870634986,459434364,"05/21/2025 02:09:11 PM","05/21/2025 02:11:28 PM","69.36.58.103","Cedar","MI","49621","""Non-binary""","""She/They""",NA,"""White / Caucasian""",NA,"$1000","Yes","Yes","""Project Management, UX (User Experience) Design""",NA,"Yes","Yes","""Referrals to job opportunities, Job seeking skills training, Information about other training programs""","Yes","49621",44.917322556735,-85.804852543408,10,"Match","Non_Exact","R","1006","Leelanau","26089",c(-85.8048513032868, 44.9173229389825),-85.804852543408,"Traverse City","Cedar"
"6c91ebe680ccd9265d4a266313a6787b",118870622814,459434364,"05/21/2025 01:57:17 PM","05/21/2025 01:59:31 PM","174.84.246.30","Manistee","MI","49660","""Female""","""She/her""",NA,"""White / Caucasian""",NA,"12000","Yes","Yes","""Data Analytics, Cybersecurity, UX (User Experience) Design""",NA,"Yes","Yes","""Referrals to job opportunities, Job seeking skills training""","Yes","49660",44.287999767219,-86.311502352505,11,"Match","Exact","L","1000","Manistee","26101",c(-86.311501312781, 44.2879979564058),-86.311502352505,"Traverse City","Manistee"
"535b0d9fd9cdbb9efeea608af0dcf771",118870608197,459434364,"05/21/2025 01:40:29 PM","05/21/2025 01:42:48 PM","172.58.121.79","TRAVERSE CITY","MI","49684","""Male""","""He/his""",NA,"""White / Caucasian""",NA,"VARIABLE","Yes","Yes","""Project Management""",NA,"Yes","Yes","""Information about other training programs""","Yes","49684",44.730459903651,-85.631825249318,12,"Match","Exact","R","2013","Grand Traverse","26055",c(-85.6318263044151, 44.7304605240882),-85.631825249318,"Traverse City","TRAVERSE CITY"
"5562a6630731fb81432dadcf3ce49d48",118870505265,459434364,"05/21/2025 11:47:11 AM","05/21/2025 11:51:34 AM","24.180.197.20","Traverse City","MI","49696","""Male""","""He/his""",NA,"""Black or African American""",NA,"$2500","Yes","Yes","""Project Management, Cybersecurity, IT Support""",NA,"Yes","Yes","""Resume assistance, Job seeking skills training, Information about other training programs""",NA,"49696",44.712870450042,-85.544855377261,13,"Match","Exact","L","1002","Grand Traverse","26055",c(-85.5448569431153, 44.7128702475598),-85.544855377261,"Traverse City","Traverse City"
"46a975cfeb2361716781308118e2d2e8",118867727154,459434364,"05/17/2025 03:51:36 PM","05/17/2025 03:56:28 PM","172.0.238.134","Harrison Township","MI","48045","""Male""","""He/his""",NA,"""Black or African American""",NA,"0","Yes","Yes","""Cybersecurity, IT Support""",NA,"Yes","Yes","""Referrals to job opportunities, Resume assistance, Job seeking skills training, Practice interviewing, Information about other training programs""",NA,"48045",42.553593063881,-82.860609298886,14,"Match","Non_Exact","L","3007","Macomb","26099",c(-82.860619684327, 42.5535940544456),-82.860609298886,"Traverse City","Harrison Township"
"525b16d3f0fd529d077a8afb7b710923",118866996634,459434364,"05/16/2025 10:59:51 AM","05/16/2025 11:02:47 AM","75.180.58.184","Wheelersburg","OH","45694","""Male""","""He/his""",NA,"""White / Caucasian""",NA,"500.00","Yes","Yes","""Cybersecurity, IT Support, UX (User Experience) Design""",NA,"Yes","Yes","""No, I don't need additional services""","Yes","45694",38.707462218805,-82.847625169805,15,"Match","Exact","L","1045","Scioto","39145",c(-82.8476264883576, 38.7074641181654),-82.847625169805,"Portsmouth","Wheelersburg"
"46a04eabd9d70aa53206b3bad77c14e7",118865337125,459434364,"05/14/2025 01:59:55 PM","05/14/2025 02:02:20 PM","24.180.227.216","Suttons Bay","MI","49682","""Male""","""He/his""",NA,"""White / Caucasian""",NA,"0","Yes","Yes","""Data Analytics, Project Management, Cybersecurity, IT Support, UX (User Experience) Design""","All","Yes","Yes","""Referrals to job opportunities, Resume assistance, Job seeking skills training, Practice interviewing, Information about other training programs""","Yes","49682",44.895997234389,-85.641214646106,16,"Match","Non_Exact","R","2045","Leelanau","26089",c(-85.6412142414462, 44.8959974185013),-85.641214646106,"Traverse City","Suttons Bay"
"0230ddaa66ce61cb610bc75fb470fdba",118863321783,459434364,"05/12/2025 10:58:44 AM","05/12/2025 11:02:11 AM","174.240.144.100","Traverse City","MI","49684","""Female""","""She/her""",NA,"""White / Caucasian""",NA,"1200.00","Yes","Yes","""Data Analytics, Project Management, Cybersecurity, IT Support, UX (User Experience) Design""",NA,"Yes","Yes","""Referrals to job opportunities""","Yes","49684",44.766831763277,-85.810829507223,17,"Match","Exact","R","3002","Grand Traverse","26055",c(-85.8108297886248, 44.7668332224413),-85.810829507223,"Traverse City","Traverse City"
"3661eea8522ccc6c7eaf4afb9eb5c3c5",118859392880,459434364,"05/06/2025 05:45:19 PM","05/06/2025 05:47:24 PM","72.107.67.42","Brethren","MI","49619","""Female""","""She/her""",NA,"""White / Caucasian""",NA,"1600","Yes","Yes","""Data Analytics""",NA,"Yes","Yes","""Referrals to job opportunities, Information about other training programs, No, I don't need additional services""","Yes","49619",44.314053742653,-86.020834232761,18,"Match","Exact","R","1025","Manistee","26101",c(-86.0208350724335, 44.3140543768422),-86.020834232761,"Traverse City","Brethren"
"d4434256b60b8684563a2d51f7231fc2",118858041015,459434364,"05/05/2025 10:21:54 AM","05/05/2025 10:43:58 AM","50.221.207.146","Traverse City","MI","49686","""Female""","""She/her""",NA,"""Asian or Pacific Islander, White / Caucasian""","Yes-Full Time","75000","Yes","Yes","""Data Analytics""",NA,"Yes","Yes","""No, I don't need additional services""","Yes","49686",44.770989013204,-85.582693881019,19,"Match","Non_Exact","L","2024","Grand Traverse","26055",c(-85.5826951173876, 44.7709891592763),-85.582693881019,"Traverse City","Traverse City"
"a4e219028a5dcdc9fb6dc567b33da291",118857999016,459434364,"05/05/2025 09:50:51 AM","05/05/2025 09:54:14 AM","74.83.47.192","Traverse City","MI","49684","""Male""","""He/his""",NA,"""White / Caucasian""",NA,"$1500","Yes","Yes","""Data Analytics, Cybersecurity""",NA,"Yes","Yes","""Referrals to job opportunities""","Yes","49684",44.844337656338,-85.715916688645,20,"Match","Exact","L","2082","Leelanau","26089",c(-85.7159162389136, 44.8443384210936),-85.715916688645,"Traverse City","Traverse City"
"570288041aff61f0ba2ba88cb2916795",118855818518,459434364,"05/01/2025 01:09:24 PM","05/01/2025 01:19:02 PM","47.26.144.154","Traverse City","MI","49685","""Female""","""She/her""",NA,"""White / Caucasian""",NA,NA,NA,NA,NA,NA,NA,NA,NA,NA,"49685",44.712438553036,-85.786209332502,23,"Match","Exact","R","1005","Grand Traverse","26055",c(-85.786209747872, 44.7124400975642),-85.786209332502,"Traverse City","Traverse City"
"d0dc8c7db6e4931f184ba6f8882707ac",118854387955,459434364,"04/29/2025 08:09:10 PM","04/29/2025 08:10:01 PM","47.231.133.26","Lexington","KY","40503","""Female""","""She/her""",NA,"""Black or African American""",NA,NA,NA,NA,NA,NA,NA,NA,NA,NA,"40503",38.000137198942,-84.515609707604,24,"Match","Exact","L","2010","Fayette","21067",c(-84.5156113852475, 38.0001393680228),-84.515609707604,"Eastern Kentucky","Lexington"
"ba45e01c71ad1cad2602527bda2a248a",118853886771,459434364,"04/29/2025 09:46:43 AM","04/29/2025 09:48:54 AM","97.156.6.19","Mancelona","MI","49659","""Female""","""She/her""",NA,"""White / Caucasian""",NA,"$1500","Yes","Yes","""Cybersecurity, IT Support""",NA,"Yes","Yes","""Referrals to job opportunities""",NA,"49659",44.902497676888,-85.145379129036,26,"Match","Exact","L","1002","Antrim","26009",c(-85.145378693333, 44.9024965999514),-85.145379129036,"Traverse City","Mancelona"
"a1d46f5ed7b2158805383ff21773efcd",118853085116,459434364,"04/28/2025 12:28:19 PM","04/28/2025 12:32:04 PM","172.222.91.151","Traverse City","MI","49686","""Female""","""She/her""",NA,"""White / Caucasian""","Yes-Full Time","2,400","Yes","Yes","""Data Analytics, Project Management, Cybersecurity, IT Support, UX (User Experience) Design""","All","Yes","Yes","""Referrals to job opportunities""","Yes","49686",44.71873123599,-85.608582456813,27,"Match","Non_Exact","L","1007","Grand Traverse","26055",c(-85.6085836417591, 44.7187316229001),-85.608582456813,"Traverse City","Traverse City"
"4f1a31beef316f972a4cd2cc131718a2",118852481311,459434364,"04/27/2025 08:05:51 PM","04/27/2025 08:10:38 PM","24.236.213.80","Traverse City","MI","49686","""Female""","""She/her""",NA,"""White / Caucasian""","Yes-Full Time","5000","Yes","Yes","""Data Analytics, Project Management""",NA,"Yes","Yes","""Referrals to job opportunities, Resume assistance""","Yes","49686",44.757744256279,-85.599458333805,28,"Match","Exact","L","3018","Grand Traverse","26055",c(-85.5994595769241, 44.7577445732326),-85.599458333805,"Traverse City","Traverse City"
"3ea741cb77a5764fe11c8e12e403bc68",118850708367,459434364,"04/25/2025 12:18:16 AM","04/25/2025 01:16:45 AM","112.210.231.58","Chicago","IL","60608","""Male""","""He/his""",NA,"""Asian or Pacific Islander""",NA,"Currently Unemployed","Yes","Yes","""Data Analytics""",NA,"Yes","Yes","""Referrals to job opportunities""",NA,"60608",41.969280223055,-87.720644456475,29,"Match","Non_Exact","R","1003","Cook","17031",c(-87.7206481723859, 41.9692814181731),-87.720644456475,"Manitowoc County","Chicago"
"20256972986960b8dc5b1cb2f8808599",118850306103,459434364,"04/24/2025 12:25:43 PM","04/24/2025 12:49:42 PM","71.13.234.236","Traverse City","MI","49686","""Female""","""She/her""",NA,"""White / Caucasian""","Yes-Full Time","3666.00","Yes","Yes","""Project Management""",NA,"Yes","Yes","""Information about other training programs""","Yes","49686",44.758581255682,-85.591466909177,30,"Match","Exact","L","1008","Grand Traverse","26055",c(-85.5914682020038, 44.7585814955716),-85.591466909177,"Traverse City","Traverse City"
"7796215084e33d098fdf372ecf45d3b9",118850172702,459434364,"04/24/2025 09:49:03 AM","04/24/2025 09:51:29 AM","24.236.154.122","Traverse City","MI","49685","""Female""","""She/her""",NA,"""White / Caucasian""","Yes-Full Time","3000","Yes","Yes","""Data Analytics""",NA,"Yes","Yes","""Referrals to job opportunities, Resume assistance, Job seeking skills training, Practice interviewing""",NA,"49685",44.717233484836,-85.632353401135,31,"Match","Exact","R","2017","Grand Traverse","26055",c(-85.6323544331415, 44.7172340897203),-85.632353401135,"Traverse City","Traverse City"
"54e0c4a9710c3fea1207b9a464aa6c0c",118849769735,459434364,"04/23/2025 06:23:32 PM","04/23/2025 06:26:05 PM","172.222.91.151","Traverse City","MI","49684","""Male""","""He/his""",NA,"""White / Caucasian""","Yes-Full Time","3000","Yes","Yes","""Data Analytics, Project Management, Cybersecurity, IT Support, UX (User Experience) Design""","All","Yes","Yes","""Referrals to job opportunities""",NA,"49684",44.737428854427,-85.659649126517,32,"Match","Exact","R","3027","Grand Traverse","26055",c(-85.6596500009021, 44.7374297539764),-85.659649126517,"Traverse City","Traverse City"
"4e71702372500e391331a663de12d04f",118849577917,459434364,"04/23/2025 02:07:45 PM","04/23/2025 02:09:06 PM","97.84.140.153","Elk Rapids","MI","49629","""Female""","""She/her""",NA,"""White / Caucasian""",NA,NA,NA,NA,NA,NA,NA,NA,NA,NA,"49629",44.892793908928,-85.418581293463,33,"Match","Exact","L","4010","Antrim","26009",c(-85.4185818298124, 44.8927935265939),-85.418581293463,"Traverse City","Elk Rapids"
"49a88c80a4aeb203734a83508b6fd3a6",118847897092,459434364,"04/21/2025 01:04:05 PM","04/21/2025 01:05:39 PM","66.198.210.61","Taos","NM","87571","""Female""","""She/her""",NA,"""Asian or Pacific Islander, White / Caucasian""",NA,"2200","Yes","Yes","""Project Management, IT Support""",NA,"Yes","Yes","""Referrals to job opportunities, Resume assistance, Information about other training programs""","Yes","87571",36.367559602131,-105.56962982653,34,"Match","Non_Exact","R","2063","Taos","35055",c(-105.569630803298, 36.3675615977858),-105.56962982653,"Taos","Taos"
"a57be4b473e5ed136be3066930bd8584",118844179078,459434364,"04/15/2025 09:59:34 AM","04/15/2025 10:40:41 AM","64.85.149.250","Traverse City","MI","49685","""Female""","""She/her""",NA,"""White / Caucasian""","Yes-Full Time","3000","Yes","Yes","""Project Management""",NA,"Yes","Yes","""Information about other training programs""","Yes","49685",44.716082029068,-85.788656702016,35,"Match","Exact","L","1005","Grand Traverse","26055",c(-85.7886571199985, 44.7160835775855),-85.788656702016,"Traverse City","Traverse City"
"ec21ebe70287b232d1dd4f1cdfa2e34c",118843106132,459434364,"04/14/2025 04:53:40 AM","04/14/2025 04:56:24 AM","98.97.79.2","Middletown","DE","19709","""Male""","""He/his""",NA,"""Black or African American""",NA,"3000","Yes","Yes","""Cybersecurity""",NA,"Yes","Yes","""Referrals to job opportunities, Job seeking skills training""","Yes","19709",39.457363333564,-75.719122118603,36,"Match","Exact","R","3001","New Castle","10003",c(-75.7191244236981, 39.4573613109615),-75.719122118603,"Shenandoah Valley","Middletown"
"65d73cf507e5229816f75b0e4d2f3308",118843087062,459434364,"04/14/2025 04:06:42 AM","04/14/2025 04:13:15 AM","102.135.174.109","Antrim","MI","03440","""Male""","""He/his""",NA,"""Black or African American""",NA,"$2000","Yes","Yes","""Data Analytics, Project Management""",NA,"Yes","Yes","""Referrals to job opportunities, Resume assistance, Job seeking skills training, Practice interviewing""","Yes","03440",43.037055275857,-71.94515476666,37,"Match","Non_Exact","R","1011","Hillsborough","33011",c(-71.9451551412721, 43.0370575340945),-71.94515476666,"Windham County","Antrim"
"2d8ef5e86ef84dc624419020a1b87f9d",118839872457,459434364,"04/09/2025 08:38:22 AM","04/09/2025 08:40:36 AM","75.135.141.219","Boyne City","MI","49712","""Female""","""She/her""",NA,"""White / Caucasian""",NA,"0","Yes","Yes","""Project Management, UX (User Experience) Design""",NA,"Yes","Yes","""Referrals to job opportunities""","Yes","49712",45.215697793767,-85.008784253138,38,"Match","Exact","L","1039","Charlevoix","26029",c(-85.0087846506956, 45.2156963641001),-85.008784253138,"Traverse City","Boyne City"
"c3ac6e9f0854a555c4b833e0111e6494",118838292018,459434364,"04/07/2025 02:59:02 PM","04/07/2025 03:02:19 PM","47.26.149.250","Traverse City","MI","49684","""Female""","""She/her""",NA,"""Prefer not to answer""",NA,"$350","Yes","Yes","""Project Management, Cybersecurity, UX (User Experience) Design""",NA,"Yes","Yes","""Referrals to job opportunities, Practice interviewing""",NA,"49684",44.76323222929,-85.639651436123,39,"Match","Exact","L","1022","Grand Traverse","26055",c(-85.6396523350948, 44.7632329077118),-85.639651436123,"Traverse City","Traverse City"
"69e50da91609de0d9fa195b431604555",118838008900,459434364,"04/07/2025 10:16:27 AM","04/07/2025 10:18:23 AM","24.236.154.122","Traverse City","MI","49686","""Female""","""She/her""",NA,"""White / Caucasian""","Yes-Full Time","5,667 gross","Yes","Yes","""Data Analytics, Project Management""",NA,"Yes","Yes","""Information about other training programs""","Yes","49686",44.75015243524,-85.605577441837,40,"Match","Exact","L","3016","Grand Traverse","26055",c(-85.6055787142749, 44.750152825758),-85.605577441837,"Traverse City","Traverse City"
"9ab78c90f52c32d8e6f2cfecbecedb30",118836259063,459434364,"04/04/2025 08:45:24 AM","04/04/2025 08:47:56 AM","107.122.173.140","Traverse City","MI","49686","""Female""","""She/her""",NA,"""White / Caucasian""","Yes-Full Time","1,400","Yes","Yes","""Project Management, UX (User Experience) Design""",NA,"Yes","Yes","""No, I don't need additional services""","Yes","49686",44.74906376444,-85.518284370135,41,"Match","Exact","R","1015","Grand Traverse","26055",c(-85.518286270288, 44.7490632919625),-85.518284370135,"Traverse City","Traverse City"
"44588513509cfd56de91da6536952239",118831618363,459434364,"03/30/2025 09:59:52 PM","03/30/2025 10:02:01 PM","24.180.88.85","Higgins Lake","MI","48627","""Female""","""She/her""",NA,"""White / Caucasian""",NA,"0","Yes","Yes","""Cybersecurity""",NA,"Yes","Yes","""No, I don't need additional services""","Yes","48627",44.461926923476,-84.752304082475,42,"Match","Exact","L","1051","Roscommon","26143",c(-84.7523053975928, 44.4619249761243),-84.752304082475,"Traverse City","Higgins Lake"
"22f8b2f84d6b0d31d44a3df40555e5db",118829062702,459434364,"03/26/2025 04:03:59 PM","03/26/2025 04:09:43 PM","75.128.114.49","Traverse City","MI","49684","""Non-binary""","""He/his""","Yes","""White / Caucasian""",NA,"1208","Yes","Yes","""Cybersecurity, IT Support""","All","Yes","Yes","""Referrals to job opportunities, Job seeking skills training, Practice interviewing, Information about other training programs""","Yes","49684",44.73866681808,-85.630595910011,43,"Match","Exact","L","2019","Grand Traverse","26055",c(-85.630596985859, 44.738667439308),-85.630595910011,"Traverse City","Traverse City"
"4e15b92851aa5214e6cdd13e59b18220",118827053998,459434364,"03/24/2025 10:06:28 AM","03/24/2025 10:11:11 AM","67.212.223.66","Manistee","MI","49660","""Male""","""He/his""",NA,"""White / Caucasian""","Yes-Full Time","3333.33","Yes","Yes","""Data Analytics, Project Management, UX (User Experience) Design""",NA,"Yes","Yes","""Referrals to job opportunities, Job seeking skills training, Information about other training programs""",NA,"49660",44.251647649457,-86.334456959026,44,"Match","Exact","L","1022","Manistee","26101",c(-86.3344559172092, 44.2516457418026),-86.334456959026,"Traverse City","Manistee"
"e4f419e96b3bff295e619904c83028ae",118825855427,459434364,"03/21/2025 05:33:40 PM","03/21/2025 05:38:12 PM","174.211.35.172","Traverse City","MI","49685","""Female""","""She/her""",NA,"""White / Caucasian""",NA,"$400","Yes","Yes","""Project Management, UX (User Experience) Design""","All","Yes","Yes","""Referrals to job opportunities, Job seeking skills training, Information about other training programs""","Yes","49685",44.745943538674,-85.750656280617,45,"Match","Exact","R","2007","Grand Traverse","26055",c(-85.7506565209887, 44.7459453404523),-85.750656280617,"Traverse City","Traverse City"
"7905e05d35f8ec59c712a9c883ef96c1",118824182406,459434364,"03/19/2025 04:35:09 PM","03/19/2025 04:37:51 PM","97.95.100.235","Traverse City","MI","49684","""Male""","""He/his""",NA,"""White / Caucasian""",NA,"0","Yes","Yes","""Data Analytics, Cybersecurity""",NA,"Yes","Yes","""Referrals to job opportunities, Resume assistance, Job seeking skills training""","Yes","49684",44.731723554478,-85.674627701454,46,"Match","Exact","L","3012","Grand Traverse","26055",c(-85.6746284713256, 44.7317245847549),-85.674627701454,"Traverse City","Traverse City"
"23e6342d22eaf4335efab6f7f1034199",118823854559,459434364,"03/19/2025 09:42:52 AM","03/19/2025 10:15:23 AM","97.85.85.36","Traverse City","MI","49684","""Female""","""She/her""",NA,"""White / Caucasian""","Yes-Full Time","4,000","Yes","Yes","""Project Management, UX (User Experience) Design""",NA,"Yes","Yes","""Referrals to job opportunities, Resume assistance, Practice interviewing""","Yes","49684",44.912940677329,-85.689716368994,47,"Match","Non_Exact","R","2038","Leelanau","26089",c(-85.6897154397757, 44.9129408765835),-85.689716368994,"Traverse City","Traverse City"
"a10bc20442fce50815fa150f81e04835",118823842361,459434364,"03/19/2025 09:55:48 AM","03/19/2025 09:58:50 AM","47.225.64.35","Traverse City","MI","49685","""Female""","""She/her""",NA,"""White / Caucasian""","Yes-Full Time","3600","Yes","Yes","""Project Management, UX (User Experience) Design""",NA,"Yes","Yes","""Referrals to job opportunities""","Yes","49685",44.746502900342,-85.754268609533,48,"Match","Exact","L","2020","Grand Traverse","26055",c(-85.7542688617356, 44.7465046900778),-85.754268609533,"Traverse City","Traverse City"
"d62b6db788811ca59a71ce574dca6d2a",118823040367,459434364,"03/18/2025 11:32:19 AM","03/18/2025 11:36:29 AM","97.84.141.59","Traverse City","MI","49686","""Female""","""She/her""",NA,"""White / Caucasian""","Yes-Full Time","5000.00","Yes","Yes","""Data Analytics, Project Management, Cybersecurity, IT Support, UX (User Experience) Design""",NA,"Yes","Yes","""Resume assistance, Information about other training programs""","Yes","49686",44.939543816008,-85.489497451821,49,"Match","Non_Exact","R","1002","Grand Traverse","26055",c(-85.4894976834525, 44.9395437581902),-85.489497451821,"Traverse City","Traverse City"
"52d5dcaab8afb9a29c0daab6a6e6b7ec",118818800960,459434364,"03/12/2025 09:38:11 AM","03/12/2025 09:38:46 AM","97.83.42.47","Traverse City","MI","49696","""Female""","""She/her""",NA,"""White / Caucasian""",NA,NA,NA,NA,NA,NA,NA,NA,NA,NA,"49696",44.709529748797,-85.504802104474,50,"Match","Exact","R","3020","Grand Traverse","26055",c(-85.5048039006721, 44.709529183229),-85.504802104474,"Traverse City","Traverse City"
"96b409063baca47634fa2396048b45aa",118813984268,459434364,"03/05/2025 09:33:03 AM","03/05/2025 09:36:20 AM","97.156.91.170","Mancelona","MI","49659","""Female""","""She/her""",NA,"""White / Caucasian""",NA,"1000","Yes","Yes","""Data Analytics, Cybersecurity, IT Support, UX (User Experience) Design""",NA,"Yes","Yes","""Referrals to job opportunities""","Yes","49659",44.873324994916,-85.082692550003,51,"Match","Exact","R","1051","Antrim","26009",c(-85.0826911060968, 44.8733238122651),-85.082692550003,"Traverse City","Mancelona"
"b8e9ee69f36aac30a5418d3a13d3f657",118813960432,459434364,"03/05/2025 09:01:08 AM","03/05/2025 09:03:40 AM","66.35.22.87","South Boardman","MI","49680","""Female""","""She/her""",NA,"""White / Caucasian""","Yes-Full Time","7000","Yes","Yes","""Data Analytics, Project Management, Cybersecurity""",NA,"Yes","Yes","""Information about other training programs""","Yes","49680",44.612429658123,-85.273182757963,52,"Match","Non_Exact","L","2056","Kalkaska","26079",c(-85.2731826928323, 44.6124289912335),-85.273182757963,"Traverse City","South Boardman"
"f31932f2a77118f4480cda519b5e6742",118813423928,459434364,"03/04/2025 02:21:42 PM","03/04/2025 02:24:35 PM","66.227.210.219","Traverse City","MI","49684","""Female""","""She/her""",NA,"""White / Caucasian""",NA,"0","Yes","Yes","""Data Analytics, Project Management""",NA,"Yes","Yes","""Referrals to job opportunities, Resume assistance, Practice interviewing""","Yes","49684",44.736196869921,-85.658839863697,53,"Match","Exact","L","3009","Grand Traverse","26055",c(-85.6588407427408, 44.7361977590918),-85.658839863697,"Traverse City","Traverse City"
"da5832ee401bf575b98f1cca16dee2e3",118809354216,459434364,"02/26/2025 11:20:20 AM","02/26/2025 11:23:37 AM","198.109.107.36","TRAVERSE CITY","MI","49684","""Female""","""She/her""",NA,"""White / Caucasian""","Yes-Full Time","5417","Yes","Yes","""Data Analytics, Project Management, UX (User Experience) Design""",NA,"Yes","Yes","""Referrals to job opportunities, Resume assistance""","Yes","49684",44.743216742717,-85.659351778167,55,"Match","Exact","R","1027","Grand Traverse","26055",c(-85.6593526587407, 44.7432176515493),-85.659351778167,"Traverse City","TRAVERSE CITY"
"fa471edea7a7ff62611ac53336413a5b",118809326642,459434364,"02/26/2025 10:41:57 AM","02/26/2025 10:52:52 AM","198.108.78.246","Traverse City","MI","49684","""Female""","""She/her""",NA,"""White / Caucasian""","Yes-Full Time","3500","Yes","Yes","""Data Analytics, Project Management, UX (User Experience) Design""",NA,"Yes","Yes","""Information about other training programs""","Yes","49684",44.75823526977,-85.622417137071,56,"Match","Exact","L","4000","Grand Traverse","26055",c(-85.6224182093481, 44.7582358035488),-85.622417137071,"Traverse City","Traverse City"
"07c8ef7399ff673720a7674f766297d3",118808647473,459434364,"02/25/2025 01:57:59 PM","02/25/2025 02:00:57 PM","96.42.150.74","Traverse City","MI","49686","""Female""","""She/her""",NA,"""White / Caucasian""",NA,"1k","Yes","Yes","""Data Analytics""",NA,"Yes","Yes","""Referrals to job opportunities, Resume assistance, Job seeking skills training, Practice interviewing, Information about other training programs""",NA,"49686",44.744879683055,-85.600578770506,57,"Match","Exact","L","3040","Grand Traverse","26055",c(-85.6005800683654, 44.7448800197215),-85.600578770506,"Traverse City","Traverse City"
"a12146e771b7721137b1610b79a42f7a",118807948420,459434364,"02/24/2025 04:53:36 PM","02/24/2025 04:58:20 PM","47.35.105.201","Williamsburg","MI","49690","""Female""","""She/her""",NA,"""White / Caucasian""",NA,"2,000","Yes","Yes","""Data Analytics, Project Management, Cybersecurity, IT Support, UX (User Experience) Design""",NA,"Yes","Yes","""Information about other training programs, No, I don't need additional services""",NA,"49690",44.758126421763,-85.461122580594,59,"Match","Exact","L","4029","Grand Traverse","26055",c(-85.4611241986843, 44.7581257631916),-85.461122580594,"Traverse City","Williamsburg"
"04daadc0cbf8337431c35ea2410ed58f",118807115830,459434364,"02/23/2025 12:37:59 PM","02/23/2025 12:40:52 PM","24.180.196.238","Traverse city","MI","49696","""Male""","""He/his""",NA,"""White / Caucasian""",NA,"1000","Yes","Yes","""Data Analytics""",NA,"Yes","Yes","""Referrals to job opportunities, Resume assistance, Job seeking skills training, Practice interviewing, Information about other training programs""","Yes","49696",44.712742067126,-85.54640052944,60,"Match","Exact","R","1004","Grand Traverse","26055",c(-85.5464020852512, 44.7127418788041),-85.54640052944,"Traverse City","Traverse city"
"a04f4aec50af16d9af342861f51683b6",118806097950,459434364,"02/21/2025 11:03:22 AM","02/21/2025 11:07:02 AM","98.97.11.127","Mesick","MI","49668","""Male""","""He/his""",NA,"""White / Caucasian""","Yes-Full Time","$4,300","Yes","Yes","""Data Analytics, Project Management, Cybersecurity, IT Support""",NA,"Yes","Yes","""Referrals to job opportunities""","Yes","49668",44.482711697851,-85.695450154847,61,"Match","Exact","L","1075","Wexford","26165",c(-85.695450876333, 44.4827122397035),-85.695450154847,"Traverse City","Mesick"
"e4cebbc6fd2ad93c6d7fb1e06d3b3f0b",118804609486,459434364,"02/19/2025 03:40:40 PM","02/19/2025 03:43:09 PM","96.42.171.16","Traverse City","MI","49686","""Female""","""She/her""",NA,"""White / Caucasian""",NA,"0","Yes","Yes","""Project Management""",NA,"Yes","Yes","""Referrals to job opportunities""","Yes","49686",44.792818821411,-85.578044620771,62,"Match","Exact","R","3020","Grand Traverse","26055",c(-85.5780456799653, 44.7928189125504),-85.578044620771,"Traverse City","Traverse City"
"2a260e52c29cd403ed8a3d12ccda0f5c",118804543216,459434364,"02/19/2025 02:21:02 PM","02/19/2025 02:23:08 PM","75.129.180.184","WILLIAMSBURG","MI","49690","""Female""","""She/her""",NA,"""White / Caucasian""",NA,"1500","Yes","Yes","""Project Management, UX (User Experience) Design""",NA,"Yes","Yes","""Referrals to job opportunities""","Yes","49690",44.855843875412,-85.404575819881,63,"Match","Exact","L","1004","Grand Traverse","26055",c(-85.404576500296, 44.855843379609),-85.404575819881,"Traverse City","WILLIAMSBURG"
"790e1c6cace9dd14bd379de1a64d8329",118804508281,459434364,"02/19/2025 01:43:42 PM","02/19/2025 01:44:12 PM","24.247.74.47","TRAVERSE CITY","MI","49696","""Female""","""She/her""",NA,"""White / Caucasian""",NA,NA,NA,NA,NA,NA,NA,NA,NA,NA,"49696",44.68099226491,-85.534179941441,64,"Match","Exact","R","1023","Grand Traverse","26055",c(-85.5341814376086, 44.6809919782174),-85.534179941441,"Traverse City","TRAVERSE CITY"
"fbe43f1b3242425ef6e41412b821f959",118795826296,459434364,"02/06/2025 11:51:38 AM","02/06/2025 11:54:23 AM","172.56.64.130","LaGrange","GA","30240","""Female""","""She/her""",NA,"""Black or African American""","Yes-Full Time","2000","Yes","Yes","""Data Analytics, Project Management, Cybersecurity, IT Support""",NA,"Yes","Yes","""Referrals to job opportunities, Resume assistance, Job seeking skills training, Information about other training programs""","Yes","30240",33.026034900012,-85.049168019189,65,"Match","Exact","L","3018","Troup","13285",c(-85.0491670743864, 33.0260355583842),-85.049168019189,"Chambers County","LaGrange"
"d239e181071f814684e6ee3fb3eb8d7d",118795822874,459434364,"02/06/2025 11:48:20 AM","02/06/2025 11:53:34 AM","47.39.245.207","lagrange","GA","30240","""Female""","""She/her""",NA,"""Black or African American""",NA,"0","Yes","Yes","""Data Analytics, Project Management, Cybersecurity, IT Support, UX (User Experience) Design""",NA,"Yes","Yes","""Referrals to job opportunities, Resume assistance, Job seeking skills training, Practice interviewing, Information about other training programs""","Yes","30240",33.029923889837,-85.055359381447,66,"Match","Exact","R","3003","Troup","13285",c(-85.0553584231922, 33.0299245778211),-85.055359381447,"Chambers County","lagrange"
"3b248d45ce5fc07320d30ce61cadcfbb",118788980217,459434364,"01/27/2025 07:20:20 PM","01/27/2025 07:22:14 PM","69.14.246.116","Prattville","AL","36066","""Female""","""She/her""",NA,"""White / Caucasian""",NA,"0","Yes","Yes","""Data Analytics, Project Management""",NA,"Yes","Yes","""Referrals to job opportunities""","Yes","36066",32.463170610457,-86.40324279138,68,"Match","Exact","R","1016","Elmore","01051",c(-86.403244914332, 32.4631732068205),-86.40324279138,"Chambers County","Prattville"
"4b8047114d39af5ac8c816e679e9785a",118787053901,459434364,"01/24/2025 07:40:43 AM","01/24/2025 07:51:43 AM","97.85.83.152","Beulah","MI","49617","""Male""","""He/his""",NA,"""White / Caucasian""",NA,"1500","Yes","Yes","""Data Analytics, Project Management, Cybersecurity""",NA,"Yes","Yes","""No, I don't need additional services""",NA,"49617",44.659039396431,-86.112964630046,69,"Match","Exact","R","1049","Benzie","26019",c(-86.1129650577277, 44.6590406350551),-86.112964630046,"Traverse City","Beulah"
"2180a3ea307c6000c67a87a54e2b0f12",118786621929,459434364,"01/23/2025 03:41:09 PM","01/23/2025 03:48:11 PM","71.91.86.218","Valley","AL","36804",NA,NA,NA,NA,NA,NA,NA,NA,NA,NA,NA,NA,NA,NA,"36804",32.828381839746,-85.169458320748,71,"Match","Non_Exact","R","3000","Chambers","01017",c(-85.1694575264223, 32.8283830923792),-85.169458320748,"Chambers County","Valley"
"dbd90c56b2f7ad9ad05900fba423076e",118785713640,459434364,"01/22/2025 01:44:57 PM","01/22/2025 02:20:43 PM","75.129.8.194","Traverse City","MI","49686","""Female""","""She/her""",NA,"""White / Caucasian""","Yes-Full Time","5400","Yes","Yes","""UX (User Experience) Design""",NA,"Yes","Yes","""Information about other training programs""","Yes","49686",44.775328984243,-85.579754688323,72,"Match","Non_Exact","R","2019","Grand Traverse","26055",c(-85.5797559040649, 44.7753291012163),-85.579754688323,"Traverse City","Traverse City"
"a0f12eeeca8c2258927aa4e9cedc67c6",118785679677,459434364,"01/22/2025 01:33:58 PM","01/22/2025 01:39:53 PM","67.22.7.213","Traverse City","MI","49685","""Male""","""He/his""",NA,"""White / Caucasian""",NA,NA,NA,NA,NA,NA,NA,NA,NA,NA,"49685",44.70690978593,-85.736611095361,73,"Match","Exact","R","3013","Grand Traverse","26055",c(-85.7366114858594, 44.7069113161667),-85.736611095361,"Traverse City","Traverse City"
"56a8232252a0e1a799b240ee0e151624",118883878716,459434364,"06/09/2025 01:51:48 PM","06/09/2025 01:55:24 PM","102.189.158.85","Kafr Sakr","CA","44681","""Male""","""He/his""",NA,"""Middle Eastern or North African""",NA,NA,NA,NA,NA,NA,NA,NA,NA,NA,"44681",NA,NA,NA,NA,NA,NA,NA,"Tuscarawas","39157",c(-81.6609519100538, 40.5076022360555),NA,"Indiana County","Kafr Sakr"
"30202802fc894ae5b05aec0513861f11",118880132755,459434364,"06/04/2025 05:07:06 AM","06/04/2025 05:13:25 AM","146.70.45.99","Birmingham","MI","48009","""Male""","""He/his""","Yes","""Asian or Pacific Islander""",NA,"500","Yes","Yes","""IT Support""",NA,"Yes","Yes","""Referrals to job opportunities, Resume assistance, Job seeking skills training, Practice interviewing, Information about other training programs""",NA,"48009",NA,NA,NA,NA,NA,NA,NA,"Oakland","26125",c(-83.2165843715904, 42.5448058635031),NA,"Traverse City","Birmingham"
"886b8b81e3d9d8bb6e9eae3adbfd9e42",118877143826,459434364,"05/30/2025 03:06:49 PM","05/30/2025 03:11:10 PM","154.27.96.10","Lake City","MI","49601","""Female""","""She/her""",NA,"""White / Caucasian""","Yes-Full Time","10000","Yes","Yes","""Data Analytics, Project Management, UX (User Experience) Design""",NA,"Yes","Yes","""Referrals to job opportunities, Resume assistance, Job seeking skills training, Information about other training programs""",NA,"49601",NA,NA,NA,NA,NA,NA,NA,"Wexford","26165",c(-85.4309206368875, 44.2519596877097),NA,"Traverse City","Lake City"
"b2a2745a4a5bbe08cc903321993a815e",118876803401,459434364,"05/30/2025 07:35:36 AM","05/30/2025 07:45:26 AM","103.177.174.112","Ferndale","MI","48220","""Male""","""He/his""",NA,"""American Indian or Alaskan Native""",NA,NA,NA,NA,NA,NA,NA,NA,NA,NA,"48220",NA,NA,NA,NA,NA,NA,NA,"Oakland","26125",c(-83.1313750074177, 42.4592113412577),NA,"Traverse City","Ferndale"
"d7883557a05dace1a88fa9f8d2dc2123",118857221727,459434364,"05/03/2025 03:47:16 PM","05/03/2025 03:55:06 PM","107.5.32.93","Traverse City","MI","49696","""Male""","""He/his""",NA,"""White / Caucasian""","Yes-Full Time","$2,500","Yes","Yes","""UX (User Experience) Design""","All","Yes","Yes","""Referrals to job opportunities""",NA,"49696",NA,NA,NA,NA,NA,NA,NA,"Grand Traverse","26055",c(-85.5356615072224, 44.6854697241409),NA,"Traverse City","Traverse City"
"69e91fe10556619da4a5f790d6943b30",118856032599,459434364,"05/01/2025 05:20:34 PM","05/01/2025 05:31:45 PM","154.161.110.176","Omena","MI","49674","""Male""","""He/his""",NA,"""Black or African American""",NA,"2000","Yes","Yes","""Data Analytics, Project Management, Cybersecurity, IT Support, UX (User Experience) Design""",NA,"Yes","Yes","""No, I don't need additional services""",NA,"49674",NA,NA,NA,NA,NA,NA,NA,"Leelanau","26089",c(-85.5983142722564, 45.0624715319994),NA,"Traverse City","Omena"
"1cfa6f92092550615fce099eff6eb70b",118854258610,459434364,"04/29/2025 04:30:41 PM","04/29/2025 04:33:58 PM","98.97.2.206","Traverse City","MI","49685","""Female""","""She/her""",NA,"""White / Caucasian""","Yes-Full Time","3,500","Yes","Yes","""Data Analytics, Project Management, UX (User Experience) Design""",NA,"Yes","Yes","""No, I don't need additional services""","Yes","49685",NA,NA,NA,NA,NA,NA,NA,"Grand Traverse","26055",c(-85.6992806148272, 44.7066811924825),NA,"Traverse City","Traverse City"
"c5e51f8d7fd2737541fa0d9076734949",118812241803,459434364,"03/03/2025 03:23:29 AM","03/03/2025 03:32:56 AM","38.67.50.217","Waelder","TX","78959","""Female""","""She/her""",NA,"""Hispanic, Latino/a, or of Spanish origin""",NA,"0","Yes","Yes","""Data Analytics""","All","Yes","Yes","""Referrals to job opportunities, Job seeking skills training""",NA,"78959",NA,NA,NA,NA,NA,NA,NA,"Gonzales","48177",c(-97.2978448705098, 29.6944989784772),NA,"Nacogdoches","Waelder"
"4772b52fb083e9e6e5972f21f004a30d",118808177272,459434364,"02/25/2025 12:30:37 AM","02/25/2025 12:44:20 AM","129.0.80.233","Texas","TX","75001","""Male""","""He/his""",NA,"""Black or African American""",NA,"12usd","Yes","Yes","""Cybersecurity""",NA,"Yes","Yes","""Referrals to job opportunities, Resume assistance, Practice interviewing""","Yes","75001",NA,NA,NA,NA,NA,NA,NA,"Dallas","48113",c(-96.8392956239222, 32.9557417590191),NA,"Ada","Texas"
"a5a92100f2aa6d957f1f336a3529bba4",118789556840,459434364,"01/28/2025 02:00:58 PM","01/28/2025 02:03:05 PM","24.214.16.222","Wadley","AL","36276","""Female""","""She/her""",NA,"""White / Caucasian""","Yes-Full Time","2360","Yes","Yes","""Data Analytics, Project Management, Cybersecurity, IT Support, UX (User Experience) Design""",NA,"Yes","Yes","""Referrals to job opportunities, Resume assistance, Job seeking skills training, Practice interviewing""","Yes","36276",NA,NA,NA,NA,NA,NA,NA,"Randolph","01111",c(-85.5685912257948, 33.1234014831668),NA,"Chambers County","Wadley"
"d087aa2d82bf5156b592d74fdeb0f600",118786657721,459434364,"01/23/2025 04:30:18 PM","01/23/2025 04:34:46 PM","172.222.112.134","Traverse City","MI","49684","""Male""","""He/his""",NA,"""White / Caucasian""","Yes-Full Time","8000","Yes","Yes","""Data Analytics, Project Management""",NA,"Yes","Yes","""Information about other training programs""","Yes","49684",NA,NA,NA,NA,NA,NA,NA,"Grand Traverse","26055",c(-85.6598606682008, 44.7718908235585),NA,"Traverse City","Traverse City"
